{
  "ABIRoot": {
    "kind": "Root",
    "name": "TopLevel",
    "printedName": "TopLevel",
    "children": [
      {
        "kind": "Import",
        "name": "CryptoKit",
        "printedName": "CryptoKit",
        "declKind": "Import",
        "moduleName": "CommonLibrary",
        "declAttributes": [
          "RawDocComment"
        ]
      },
      {
        "kind": "TypeDecl",
        "name": "CLAESGCM",
        "printedName": "CLAESGCM",
        "children": [
          {
            "kind": "Function",
            "name": "encryptedDataFor",
            "printedName": "encryptedDataFor(dataToEncrypt:keyData:ivData:)",
            "children": [
              {
                "kind": "TypeNominal",
                "name": "Optional",
                "printedName": "Foundation.Data?",
                "children": [
                  {
                    "kind": "TypeNominal",
                    "name": "Data",
                    "printedName": "Foundation.Data",
                    "usr": "s:10Foundation4DataV"
                  }
                ],
                "usr": "s:Sq"
              },
              {
                "kind": "TypeNominal",
                "name": "Data",
                "printedName": "Foundation.Data",
                "usr": "s:10Foundation4DataV"
              },
              {
                "kind": "TypeNominal",
                "name": "Data",
                "printedName": "Foundation.Data",
                "usr": "s:10Foundation4DataV"
              },
              {
                "kind": "TypeNominal",
                "name": "Data",
                "printedName": "Foundation.Data",
                "usr": "s:10Foundation4DataV"
              }
            ],
            "declKind": "Func",
            "usr": "c:@M@CommonLibrary@objc(cs)CLAESGCM(cm)encryptedDataForDataToEncrypt:keyData:ivData:",
            "mangledName": "$s13CommonLibrary8CLAESGCMC16encryptedDataFor13dataToEncrypt03keyE002ivE010Foundation0E0VSgAJ_A2JtFZ",
            "moduleName": "CommonLibrary",
            "static": true,
            "objc_name": "encryptedDataForDataToEncrypt:keyData:ivData:",
            "declAttributes": [
              "Final",
              "AccessControl",
              "ObjC"
            ],
            "funcSelfKind": "NonMutating"
          },
          {
            "kind": "Function",
            "name": "decryptedDataFor",
            "printedName": "decryptedDataFor(dataToDecrypt:keyData:ivData:)",
            "children": [
              {
                "kind": "TypeNominal",
                "name": "Optional",
                "printedName": "[Swift.String : Any]?",
                "children": [
                  {
                    "kind": "TypeNominal",
                    "name": "Dictionary",
                    "printedName": "[Swift.String : Any]",
                    "children": [
                      {
                        "kind": "TypeNominal",
                        "name": "String",
                        "printedName": "Swift.String",
                        "usr": "s:SS"
                      },
                      {
                        "kind": "TypeNominal",
                        "name": "ProtocolComposition",
                        "printedName": "Any"
                      }
                    ],
                    "usr": "s:SD"
                  }
                ],
                "usr": "s:Sq"
              },
              {
                "kind": "TypeNominal",
                "name": "Data",
                "printedName": "Foundation.Data",
                "usr": "s:10Foundation4DataV"
              },
              {
                "kind": "TypeNominal",
                "name": "Data",
                "printedName": "Foundation.Data",
                "usr": "s:10Foundation4DataV"
              },
              {
                "kind": "TypeNominal",
                "name": "Data",
                "printedName": "Foundation.Data",
                "usr": "s:10Foundation4DataV"
              }
            ],
            "declKind": "Func",
            "usr": "c:@M@CommonLibrary@objc(cs)CLAESGCM(cm)decryptedDataForDataToDecrypt:keyData:ivData:",
            "mangledName": "$s13CommonLibrary8CLAESGCMC16decryptedDataFor13dataToDecrypt03keyE002ivE0SDySSypGSg10Foundation0E0V_A2LtFZ",
            "moduleName": "CommonLibrary",
            "static": true,
            "objc_name": "decryptedDataForDataToDecrypt:keyData:ivData:",
            "declAttributes": [
              "Final",
              "AccessControl",
              "ObjC"
            ],
            "funcSelfKind": "NonMutating"
          },
          {
            "kind": "Constructor",
            "name": "init",
            "printedName": "init()",
            "children": [
              {
                "kind": "TypeNominal",
                "name": "CLAESGCM",
                "printedName": "CommonLibrary.CLAESGCM",
                "usr": "c:@M@CommonLibrary@objc(cs)CLAESGCM"
              }
            ],
            "declKind": "Constructor",
            "usr": "c:@M@CommonLibrary@objc(cs)CLAESGCM(im)init",
            "mangledName": "$s13CommonLibrary8CLAESGCMCACycfc",
            "moduleName": "CommonLibrary",
            "overriding": true,
            "implicit": true,
            "objc_name": "init",
            "declAttributes": [
              "Dynamic",
              "ObjC",
              "Override"
            ],
            "init_kind": "Designated"
          }
        ],
        "declKind": "Class",
        "usr": "c:@M@CommonLibrary@objc(cs)CLAESGCM",
        "mangledName": "$s13CommonLibrary8CLAESGCMC",
        "moduleName": "CommonLibrary",
        "intro_iOS": "13.0",
        "declAttributes": [
          "AccessControl",
          "ObjC",
          "Available"
        ],
        "superclassUsr": "c:objc(cs)NSObject",
        "inheritsConvenienceInitializers": true,
        "superclassNames": [
          "ObjectiveC.NSObject"
        ],
        "conformances": [
          {
            "kind": "Conformance",
            "name": "Equatable",
            "printedName": "Equatable",
            "usr": "s:SQ",
            "mangledName": "$sSQ"
          },
          {
            "kind": "Conformance",
            "name": "Hashable",
            "printedName": "Hashable",
            "usr": "s:SH",
            "mangledName": "$sSH"
          },
          {
            "kind": "Conformance",
            "name": "CVarArg",
            "printedName": "CVarArg",
            "usr": "s:s7CVarArgP",
            "mangledName": "$ss7CVarArgP"
          },
          {
            "kind": "Conformance",
            "name": "_KeyValueCodingAndObservingPublishing",
            "printedName": "_KeyValueCodingAndObservingPublishing",
            "usr": "s:10Foundation37_KeyValueCodingAndObservingPublishingP",
            "mangledName": "$s10Foundation37_KeyValueCodingAndObservingPublishingP"
          },
          {
            "kind": "Conformance",
            "name": "_KeyValueCodingAndObserving",
            "printedName": "_KeyValueCodingAndObserving",
            "usr": "s:10Foundation27_KeyValueCodingAndObservingP",
            "mangledName": "$s10Foundation27_KeyValueCodingAndObservingP"
          },
          {
            "kind": "Conformance",
            "name": "CustomStringConvertible",
            "printedName": "CustomStringConvertible",
            "usr": "s:s23CustomStringConvertibleP",
            "mangledName": "$ss23CustomStringConvertibleP"
          },
          {
            "kind": "Conformance",
            "name": "CustomDebugStringConvertible",
            "printedName": "CustomDebugStringConvertible",
            "usr": "s:s28CustomDebugStringConvertibleP",
            "mangledName": "$ss28CustomDebugStringConvertibleP"
          }
        ]
      }
    ],
    "json_format_version": 8
  },
  "ConstValues": []
}